style,months,mean_exposure,mean_abs_exposure,exposure_std,t_stat,positive_rate
size,88,0.21950258239866632,0.21950258239866632,0.05191324133796907,39.664576715676276,1.0
liquidity,88,-0.5695009886977981,0.5695009886977981,0.08597744485169569,-62.137143462004026,0.0
momentum,88,0.19007362704069528,0.20751738694857938,0.19040304409648906,9.364601706122798,0.8409090909090909
volatility,88,0.035050948475311566,0.07687913519571889,0.09238011808125936,3.5592836324532047,0.5909090909090909
profitability,88,-0.017381038809558436,0.054157030381795576,0.058801634031899155,-2.7728582613955806,0.36363636363636365
growth,88,-0.005422097684973338,0.028642288698536397,0.03622519854772921,-1.4040995468606086,0.375
leverage,88,-0.011473156501018399,0.035800806781829224,0.04118423599426744,-2.6133238977548525,0.3522727272727273
