factor,count,mean,std,min,max,skew
CMM,367699,4.72540463484286e-10,0.9999969689423776,-63.88676071166992,48.137454986572266,-1.047720161333351
CMM Neutralized,367699,-3.627241640425166e-17,0.8510881821629982,-4.351935435486318,3.2708267557851314,-0.785518762922223
CMM Barra Neutralized,367699,-4.017979612561999e-17,0.6515855036994568,-6.081477816955836,4.1320350597183975,-0.4684347329336085
