factor,months,avg_cs_mean,avg_cs_std,avg_cs_skew
CMM,88,8.150733725529277e-10,1.0001179314501796,-0.9366205621427
CMM Barra Neutralized,88,-4.2607553846148284e-17,0.6401278678845882,-0.5405873892765887
CMM Neutralized,88,-3.587775243992645e-17,0.8467120278192005,-0.8260890405118654
