factor,ic,icir,ic_t_stat,ic_positive_rate,rank_ic,rank_icir,rank_ic_t_stat,rank_ic_positive_rate,months
CMM,0.06795406086793264,0.6234373489480781,5.848360733537209,0.75,0.08960656422466705,0.7094623701822291,6.655346964208824,0.7727272727272727,88.0
Standard Momentum,0.0009838154213452077,0.007431782887391382,0.06971630315721322,0.4772727272727273,-0.014904300454917314,-0.09776825743491248,-0.9171475509663753,0.4659090909090909,88.0
CMM Neutralized,0.0633592152029275,0.7083974150102749,6.645356799164744,0.7613636363636364,0.08008148716201924,0.8192159662812657,7.684926957889257,0.8295454545454546,88.0
Standard Momentum Neutralized,0.0011309140035384996,0.011078378022990236,0.10392439774462987,0.5113636363636364,-0.012311510803517169,-0.1074509847699171,-1.007979584746733,0.4772727272727273,88.0
CMM Barra Neutralized,0.038194025723697796,0.6989206807632636,6.556457151837064,0.75,0.041787625706042136,0.6152760385780593,5.771800855976516,0.6931818181818182,88.0
