factor,mean_turnover,median_turnover,mean_gross_exposure,mean_net_exposure,mean_held_names,missing_return_observations,held_stock_observations,missing_return_rate
CMM,0.5710981304349466,0.5590864156828173,1.0586601718308606,0.008504105405503575,4399.159090909091,147529,7793470,0.018929822017663505
Standard Momentum,0.5010549274102126,0.4915623394960462,1.1100829963854222,-0.08442900639678469,4399.159090909091,147529,7793432,0.01892991431759461
CMM Neutralized,0.595563438611832,0.5800165428268174,1.0613790786822141,0.005518723878096688,4399.090909090909,147529,7793370,0.018930064914151386
Standard Momentum Neutralized,0.5010727752692734,0.4972327766817486,1.1112279692040048,-0.0824781229071745,4399.159090909091,147529,7793442,0.01892989002805179
CMM Barra Neutralized,0.6627149088238963,0.6393313898318241,1.0719694959168502,0.018680889532356217,4399.125,147529,7793422,0.018929938607199763
