,style_size,style_liquidity,style_momentum,style_volatility,style_profitability,style_growth,style_leverage
cmm_barra_neutral,-1.9291933261015396e-17,1.1884361528460128e-16,-2.692208486746182e-17,1.8125052535437354e-16,-3.844786689284792e-18,-7.13557890498879e-17,1.3486937829287128e-17
