,cmm_signal_cs_z,cmm_neutral,sm_signal,sm_neutral,z_nmv
cmm_signal_cs_z,1.0,0.9075222684497406,-0.004080865642131148,0.004448207474688283,-0.13636401890699867
cmm_neutral,0.9075222684497406,1.0,0.014946265276224228,0.018380162653551024,-1.360060854989911e-15
sm_signal,-0.004080865642131148,0.014946265276224228,1.0,0.8131737220147723,0.09057797377057102
sm_neutral,0.004448207474688283,0.018380162653551024,0.8131737220147723,1.0,-7.723562430237978e-16
z_nmv,-0.13636401890699867,-1.360060854989911e-15,0.09057797377057102,-7.723562430237978e-16,1.0
