factor,periods,annual_return,annualized_mean_return,annual_vol,sharpe,max_drawdown,period_win_rate,period_mean,period_t_stat
CMM,1772.0,0.1415513087631073,0.13400739531050798,0.05631536608519389,2.3795884609501003,-0.08147888478077692,0.572234762979684,0.0005317753782163015,6.310059329664328
Standard Momentum,1772.0,0.0025338023963943357,0.0051324671746481535,0.07212712060480465,0.07115863120017939,-0.2425865496981071,0.5355530474040632,2.036693323273077e-05,0.1886944705184679
CMM Neutralized,1772.0,0.13200176681938025,0.12500175232837157,0.0443715167165787,2.817162034978775,-0.06191090197685212,0.5919864559819413,0.0004960386997157602,7.470392411844333
Standard Momentum Neutralized,1772.0,0.0030777126564027757,0.00457856751137063,0.05487283859780084,0.0834395964992802,-0.17228276461512448,0.5287810383747178,1.81689186959152e-05,0.2212604460787688
CMM Barra Neutralized,1772.0,0.08217148911307204,0.07950739263916669,0.0324196147311881,2.452447177377451,-0.0435864287004738,0.5744920993227991,0.00031550552634589953,6.503261990916187
