factor,months,annual_return,annual_vol,sharpe,max_drawdown,monthly_win_rate,monthly_mean,monthly_t_stat
CMM,88.0,0.26059982015967215,0.1559326303875015,1.6712334006812217,-0.17740416474791498,0.7159090909090909,0.02171665167997268,4.525721443414868
Standard Momentum,88.0,0.04253571713345095,0.20793285601355876,0.20456467510203058,-0.4362363151891525,0.5227272727272727,0.003544643094454246,0.5539637589202581
CMM Neutralized,88.0,0.25271346360485575,0.1228928187285974,2.0563729127489596,-0.12068092909380768,0.7727272727272727,0.021059455300404647,5.56868417247522
Standard Momentum Neutralized,88.0,0.03688437624677145,0.16484063690749023,0.2237577877563724,-0.28664372575276087,0.5227272727272727,0.0030736980205642874,0.6059389536897172
