factor,months,annual_return,annual_vol,sharpe,max_drawdown,monthly_win_rate,monthly_mean,monthly_t_stat
CMM,88.0,0.07857979315400056,0.27195601037730066,0.28894302812054845,-0.451641810433584,0.5909090909090909,0.006548316096166713,0.7824614190677146
Standard Momentum,88.0,0.1302361250572351,0.28676886330895557,0.45415015965984734,-0.4641860086276931,0.6022727272727273,0.010853010421436259,1.2298444461827178
CMM Neutralized,88.0,-0.01068201642272804,0.23678078057275856,-0.04511352820481832,-0.4878844616211713,0.5340909090909091,-0.0008901680352273368,-0.12216801190152389
Standard Momentum Neutralized,88.0,0.147907924606204,0.2329670277011249,0.6348878039340234,-0.26823032328269236,0.5795454545454546,0.012325660383850334,1.719284300598331
